"Step","Group: ae_600 - epoch/loss","Group: ae_600 - epoch/loss__MIN","Group: ae_600 - epoch/loss__MAX","Group: ae_400 - epoch/loss","Group: ae_400 - epoch/loss__MIN","Group: ae_400 - epoch/loss__MAX"
"0","0.218289981285731","0.21743330359458923","0.21983598172664642","0.21990229686101279","0.21909068524837494","0.22052006423473358"
"1","0.18051720162232718","0.18035875260829926","0.18083275854587555","0.18484729528427124","0.18406488001346588","0.185829296708107"
"2","0.16526379187901816","0.16480228304862976","0.16604068875312805","0.16969681282838187","0.16937413811683655","0.1701001226902008"
"3","0.15418855349222818","0.15317527949810028","0.15476097166538239","0.16000443200270334","0.15880079567432404","0.16098348796367645"
"4","0.14717607200145721","0.14689210057258606","0.14746548235416412","0.14985971649487814","0.1487431675195694","0.15145441889762878"
"5","0.1414209008216858","0.14107708632946014","0.14184409379959106","0.1437713752190272","0.1429997682571411","0.14432501792907715"
"6","0.13691605627536774","0.13686802983283997","0.13700051605701447","0.1396291454633077","0.13915196061134338","0.13990728557109833"
"7","0.1332530677318573","0.13283199071884155","0.13370054960250854","0.13690252602100372","0.13615582883358002","0.13776032626628876"
"8","0.13110582530498505","0.1307552009820938","0.13172616064548492","0.13295559088389078","0.13288895785808563","0.13307644426822662"
"9","0.12879222631454468","0.12860126793384552","0.12895148992538452","0.13050930698712668","0.1304500252008438","0.1305803805589676"
"10","0.12658224503199259","0.12643566727638245","0.12675434350967407","0.12889627615610758","0.12819623947143555","0.12930938601493835"
"11","0.12511126697063446","0.12479530274868011","0.12528261542320251","0.12661799291769663","0.12644179165363312","0.12695132195949554"
"12","0.12354094286759694","0.1232612282037735","0.12400971353054047","0.1253193070491155","0.12462477385997772","0.1257171481847763"
"13","0.12244667609532674","0.12189329415559769","0.12316549569368362","0.12439274787902832","0.1241278424859047","0.1246655285358429"
"14","0.12094588329394658","0.12083564698696136","0.12112279236316681","0.12236022700866063","0.1220787987112999","0.12251059710979462"
"15","0.1199553906917572","0.11988572776317596","0.12004265934228897","0.12140190601348877","0.12121348083019257","0.12176671624183655"
"16","0.11908137549956639","0.11868171393871307","0.11956983059644699","0.12070292234420776","0.12010680884122849","0.12138034403324127"
"17","0.11813941597938538","0.11793535202741623","0.11837149411439896","0.1197391152381897","0.11959920078516006","0.11996371299028397"
"18","0.1174515758951505","0.11677835136651993","0.11834855377674103","0.11866049965222676","0.11829587817192078","0.11895346641540527"
"19","0.11642776429653168","0.11623893678188324","0.11674695461988449","0.11805132279793422","0.11759813874959946","0.11845589429140091"
"20","0.11548359940449397","0.11539559811353683","0.11554720252752304","0.11786023775736491","0.1170896664261818","0.11903505027294159"
"21","0.11450500537951787","0.11400863528251648","0.11480797082185745","0.11633574962615967","0.11619433015584946","0.11647522449493408"
"22","0.11391266932090123","0.1137106642127037","0.11416799575090408","0.11571904023488362","0.1153552234172821","0.11596769094467163"
"23","0.11319504181543986","0.11268175393342972","0.11377164721488953","0.11591623971859615","0.11495037376880646","0.11743325740098953"
"24","0.11201206594705582","0.11173280328512192","0.11249537020921707","0.11484730492035548","0.1141895279288292","0.11615292727947235"
"25","0.1109244575103124","0.11087105423212051","0.1109595075249672","0.11363552014033","0.11322565376758575","0.11409026384353638"
"26","0.11056515077749889","0.1102266013622284","0.11089185625314713","0.1129266545176506","0.11280892044305801","0.1130627915263176"
"27","0.10992466658353806","0.1098211258649826","0.11001158505678177","0.11207302659749985","0.11168068647384644","0.11276698112487793"
"28","0.10956869274377823","0.10880184173583984","0.11033936589956284","0.11150926351547241","0.11137624084949493","0.11175328493118286"
"29","0.10884781926870346","0.10854066908359528","0.10932827740907669","0.11134516944487889","0.11097048968076706","0.11167385429143906"
"30","0.10813833524783452","0.1081068217754364","0.10816613584756851","0.1107552523414294","0.11026330292224884","0.11126860231161118"
"31","0.10785427689552307","0.10735075920820236","0.1084154024720192","0.10950903594493866","0.10908850282430649","0.10981882363557816"
"32","0.1074899931748708","0.10725501924753189","0.10782105475664139","0.10926234473784764","0.10895725339651108","0.10980085283517838"
"33","0.10665574173132579","0.10623437911272049","0.1069047600030899","0.10872860997915268","0.10848332196474075","0.10906416922807693"
"34","0.10632169246673584","0.10583487898111343","0.1066971942782402","0.108029805123806","0.10778387635946274","0.10819215327501297"
"35","0.10592840115229289","0.10579091310501099","0.10606832057237625","0.10850608845551808","0.10765179991722107","0.10993669182062149"
"36","0.10552998880545299","0.10501133650541306","0.10584267228841782","0.10717546691497166","0.10713516175746918","0.10720449686050415"
"37","0.10568401714166005","0.1048610582947731","0.10716218501329422","0.1067228689789772","0.10636059939861298","0.1069294884800911"
"38","0.10436795900265376","0.10409900546073914","0.10470139235258102","0.10598653058211009","0.10586877167224884","0.10618884116411209"
"39","0.10400508344173431","0.10397734493017197","0.10403338819742203","0.10545641928911209","0.10528673231601715","0.10561982542276382"
"40","0.10424262285232544","0.10339387506246567","0.10572641342878342","0.10533736397822697","0.10514141619205475","0.10556895285844803"
"41","0.10318352530399959","0.1028599664568901","0.10343499481678009","0.10575865457455318","0.10459939390420914","0.10791348665952682"
"42","0.10318594425916672","0.10267962515354156","0.10358022153377533","0.10524183263381322","0.10446805506944656","0.10670187324285507"
"43","0.10268824050823848","0.10206315666437149","0.1032344400882721","0.10392601042985916","0.10377299785614014","0.10403875261545181"
"44","0.10211691011985143","0.1019693985581398","0.10228601098060608","0.10400558263063431","0.10352230072021484","0.10429994016885757"
"45","0.10207185645898183","0.10158760845661163","0.10258197039365768","0.10362287610769272","0.10308889299631119","0.10412600636482239"
"46","0.10123854130506516","0.10094526410102844","0.10162303596735","0.10351526737213135","0.10282357037067413","0.10416926443576813"
"47","0.10103561480840047","0.10095194727182388","0.10113894939422607","0.10330319404602051","0.10237374901771545","0.10393977910280228"
"48","0.10101596514383952","0.10094575583934784","0.10110429674386978","0.10266377528508504","0.10261456668376923","0.10272195935249329"
"49","0.1006547783811887","0.10009453445672989","0.10125865787267685","0.10204461713631947","0.10188854485750198","0.10212429612874985"
"50","0.10005001972119014","0.10002962499856949","0.10006829351186752","0.10184578100840251","0.10132061690092087","0.10212346166372299"
"51","0.09982123722632726","0.09956585615873337","0.10007175803184509","0.1019887054959933","0.10162890702486038","0.10240612179040909"
"52","0.0993162418405215","0.09915080666542053","0.09958992153406143","0.10131207356850307","0.10108523070812225","0.1016559824347496"
"53","0.0990033174554507","0.09873953461647034","0.0992560163140297","0.10141900678475697","0.10108155757188797","0.10161241888999939"
"54","0.0988928774992625","0.09862957894802094","0.09925201535224915","0.10108061631520589","0.10072179138660431","0.10143644362688065"
"55","0.09854179372390111","0.09850528836250305","0.09860102832317352","0.10089230289061864","0.10072655230760574","0.10103286802768707"
"56","0.09869879732529323","0.09789682924747467","0.09923706948757172","0.10040414581696193","0.10015927255153656","0.10078591853380203"
"57","0.0988335410753886","0.09780505299568176","0.09938093274831772","0.09997491786877315","0.09983564913272858","0.10023131221532822"
"58","0.09842473765214284","0.09789446741342545","0.09888309985399246","0.09963266551494598","0.09957294166088104","0.09967093914747238"
"59","0.09784346570571263","0.09752926975488663","0.09800413250923157","0.09952996174494426","0.09930163621902466","0.09983071684837341"
"60","0.09735662738482158","0.09700584411621094","0.097765251994133","0.0991595983505249","0.09896662831306458","0.09929666668176651"
"61","0.09703212728103001","0.09686397761106491","0.09727368503808975","0.09904658546050389","0.09881183505058289","0.09930451214313507"
"62","0.09699132293462753","0.09685872495174408","0.0970773994922638","0.09871282676855724","0.09855514019727707","0.09882044792175293"
"63","0.09677303582429886","0.09671201556921005","0.09682848304510117","0.09876796106497447","0.09834911674261093","0.09900655597448349"
"64","0.09636407842238744","0.09614193439483643","0.09649430215358734","0.09822301318248113","0.09791533648967743","0.09866262972354889"
"65","0.09615331888198853","0.09605343639850616","0.09627358615398407","0.09805716822544734","0.09768440574407578","0.09850315004587173"
"66","0.09590067466100057","0.09581790864467621","0.09606561809778214","0.09749109297990799","0.09724467247724533","0.09787824749946594"
"67","0.09578352669874828","0.09551824629306793","0.0961376205086708","0.09750657031933467","0.0971967875957489","0.09770222008228302"
"68","0.09544663627942403","0.09526512026786804","0.09575909376144409","0.09717708826065063","0.09684360027313232","0.09742748737335205"
"69","0.09575434029102325","0.09551030397415161","0.09613510221242905","0.09680672238270442","0.09673676639795303","0.09693051129579544"
"70","0.0955268566807111","0.09508867561817169","0.09602329134941101","0.09810732056697209","0.09680982679128647","0.1004321426153183"
"71","0.09527566532293956","0.09502016007900238","0.09543445706367493","0.09664476166168849","0.09625431895256042","0.09725458174943924"
"72","0.09474875032901764","0.09456372261047363","0.09504874050617218","0.09661398082971573","0.09617338329553604","0.09726530313491821"
"73","0.09478419025739034","0.09434065222740173","0.09511213004589081","0.09633491188287735","0.09606156498193741","0.09647658467292786"
"74","0.09490335484345754","0.09476745128631592","0.09511583298444748","0.09579203029473622","0.09547647833824158","0.09617065638303757"
"75","0.09486900518337886","0.09441757202148438","0.09573421627283096","0.09575341393550237","0.0957464650273323","0.09576248377561569"
"76","0.09406186143557231","0.0938195288181305","0.09423652291297913","0.0958696926633517","0.09568484127521515","0.09601248055696487"
"77","0.09398788958787918","0.09370412677526474","0.09426666796207428","0.09582361578941345","0.09558478742837906","0.09599101543426514"
"78","0.09387180954217911","0.09290946274995804","0.09481513500213623","0.09641992549101512","0.09610068798065186","0.09693892300128937"
"79","0.09398946911096573","0.09291571378707886","0.09562131017446518","0.09542129685481389","0.0952952429652214","0.09565480053424835"
"80","0.09333479404449463","0.09326134622097015","0.09337509423494339","0.095124584933122","0.09471002221107483","0.09574929624795914"
"81","0.09311977525552113","0.09284476190805435","0.09330110996961594","0.09487610061963399","0.09474744647741318","0.09494714438915253"
"82","0.09241665154695511","0.09218288213014603","0.09273945540189743","0.0948053573568662","0.09453579783439636","0.09514967352151871"
"83","0.09279305736223857","0.09230003505945206","0.09333791583776474","0.09461276978254318","0.09440376609563828","0.0948018953204155"
"84","0.092268372575442","0.09197188913822174","0.09253577142953873","0.09472992271184921","0.09449228644371033","0.09486269950866699"
"85","0.0923730010787646","0.09175016731023788","0.09294261783361435","0.09461172670125961","0.09417320042848587","0.09487877786159515"
"86","0.09230576455593109","0.09185279905796051","0.09273800998926163","0.09442021201054256","0.09404174238443375","0.09481851011514664"
"87","0.09190220634142558","0.09145314246416092","0.0923510417342186","0.09391042838493983","0.09390154480934143","0.09392712265253067"
"88","0.09171044826507568","0.09149651974439621","0.09189840406179428","0.09364025791486104","0.09334605187177658","0.09388356655836105"
"89","0.09175593157609303","0.09160522371530533","0.09186022728681564","0.09354651470979054","0.09321969002485275","0.09392289817333221"
"90","0.09144142270088196","0.0913800299167633","0.09148649871349335","0.09324101358652115","0.09319519996643066","0.09332720935344696"
"91","0.0911984716852506","0.09102746844291687","0.0913700982928276","0.09322703629732132","0.09311573952436447","0.09337050467729568"
"92","0.09101954102516174","0.09078718721866608","0.09145679324865341","0.09284776945908864","0.09264469891786575","0.09295865148305893"
"93","0.09095637500286102","0.09076687693595886","0.09111417829990387","0.09294173618157704","0.09284796565771103","0.09309770911931992"
"94","0.09070066610972087","0.09066133946180344","0.09073846787214279","0.09309019396702449","0.0928119644522667","0.09355787932872772"
"95","0.09070709844430287","0.09055216610431671","0.09086906909942627","0.09293600916862488","0.09252271056175232","0.09346702694892883"
"96","0.09064649293820064","0.09039027243852615","0.09109915792942047","0.09296432634194692","0.0924653634428978","0.09369347244501114"
"97","0.0903293068210284","0.09003821760416031","0.09076019376516342","0.09243469685316086","0.09230370074510574","0.0926385149359703"
"98","0.09025608748197556","0.09019207954406738","0.0903017446398735","0.09202116479476292","0.09176240861415863","0.09245558083057404"
"99","0.08988705029090245","0.08970540016889572","0.09008397907018661","0.0919902150829633","0.09180792421102524","0.0921332985162735"