"Step","Group: rf_deep - epoch/Binary Accuracy","Group: rf_deep - epoch/Binary Accuracy__MIN","Group: rf_deep - epoch/Binary Accuracy__MAX","Group: ae_600 - epoch/Binary Accuracy","Group: ae_600 - epoch/Binary Accuracy__MIN","Group: ae_600 - epoch/Binary Accuracy__MAX","Group: ae_400 - epoch/Binary Accuracy","Group: ae_400 - epoch/Binary Accuracy__MIN","Group: ae_400 - epoch/Binary Accuracy__MAX"
"0","0.9455883502960205","0.9406465291976929","0.9489942193031311","0.9578068653742472","0.9554719924926758","0.95957350730896","0.9605308969815572","0.9590775966644287","0.9626109600067139"
"1","0.986080269018809","0.9851745367050171","0.9871581792831421","0.9908223350842794","0.9906398057937622","0.9910634160041809","0.9898133277893066","0.9895343780517578","0.9900612831115723"
"2","0.9911667307217916","0.9908464550971985","0.991683304309845","0.9937874476114908","0.9936772584915161","0.9939355254173279","0.99244091908137","0.9923135042190552","0.992592453956604"
"3","0.9937529762585958","0.9937081933021545","0.993790864944458","0.9951201677322388","0.9947310090065002","0.9955678582191467","0.9943177700042725","0.9940698146820068","0.9945140480995178"
"4","0.9951993823051453","0.9949996471405029","0.9953199028968811","0.9962049722671509","0.9961877465248108","0.996218740940094","0.9954920808474222","0.9953612089157104","0.9956298470497131"
"5","0.996222178141276","0.9961567521095276","0.9962910413742065","0.9966491858164469","0.9960430860519409","0.9970762133598328","0.9961429635683695","0.9959810972213745","0.9962910413742065"
"6","0.996976355711619","0.9966422915458679","0.9973965287208557","0.997444729010264","0.9966939687728882","0.997892439365387","0.9969281554222107","0.9968386292457581","0.9970039129257202"
"7","0.9977202415466309","0.9976547956466675","0.9977684617042542","0.9978476365407308","0.9973138570785522","0.9982230067253113","0.9970865646998087","0.9967352747917175","0.9973138570785522"
"8","0.9971072276433309","0.9966216683387756","0.9974791407585144","0.9982781012852987","0.9981093406677246","0.9983676671981812","0.9977856675783793","0.9977064728736877","0.9978717565536499"
"9","0.9982849955558777","0.9980680346488953","0.9984296560287476","0.9983779788017273","0.9981300234794617","0.9987705945968628","0.9982505639394125","0.9981197118759155","0.998336672782898"
"10","0.9984675248463949","0.9982436895370483","0.99864661693573","0.9983538786570231","0.9978510737419128","0.9986156225204468","0.9979544083277384","0.9970555901527405","0.9984606504440308"
"11","0.9980955918629965","0.9971898794174194","0.9989048838615417","0.9983814358711243","0.9977064728736877","0.9989668726921082","0.9979578455289205","0.9969419240951538","0.9985019564628601"
"12","0.9988050063451132","0.9985122680664062","0.9990288615226746","0.9984227617581686","0.997892439365387","0.9987809062004089","0.9985398451487223","0.998016357421875","0.9988945722579956"
"13","0.9987292687098185","0.9980267286300659","0.9992045164108276","0.9986672401428223","0.9982333183288574","0.9991631507873535","0.9984537363052368","0.9978407621383667","0.9987912178039551"
"14","0.9985019763310751","0.997737467288971","0.999111533164978","0.998805026213328","0.9984296560287476","0.999266505241394","0.9985295136769613","0.9977787733078003","0.9989978671073914"
"15","0.9987740317980448","0.9983676671981812","0.9991425275802612","0.9987878004709879","0.9984502792358398","0.9989875555038452","0.9987774689992269","0.9983056783676147","0.9991425275802612"
"16","0.9985260764757792","0.9982230067253113","0.9990495443344116","0.9990529616673788","0.9986362457275391","0.999266505241394","0.9989634354909261","0.9987499117851257","0.9991838335990906"
"17","0.9993388056755066","0.9991838335990906","0.9994317889213562","0.998798131942749","0.9976857900619507","0.9993698000907898","0.9991356134414673","0.9990598559379578","0.9992251396179199"
"18","0.9991011619567871","0.9986982345581055","0.9993491172790527","0.9993456800778707","0.9993078112602234","0.9993801116943359","0.9987051486968994","0.9976238012313843","0.999266505241394"
"19","0.9992079337437948","0.998801589012146","0.9995970726013184","0.9993009169896444","0.999266505241394","0.9993594288825989","0.9991941452026367","0.9989978671073914","0.9993284344673157"
"20","0.9994972149531046","0.9994627833366394","0.9995247721672058","0.9990150729815165","0.9985432624816895","0.9994834065437317","0.9985983769098917","0.997882068157196","0.9992768168449402"
"21","0.9995040893554688","0.9994317889213562","0.9995763897895813","0.999087393283844","0.9983572959899902","0.9996177554130554","0.9992871483167013","0.9991838335990906","0.999400794506073"
"22","0.9992836912473043","0.9988842010498047","0.9996177554130554","0.9992217024167379","0.9989461898803711","0.9994730949401855","0.9992905855178833","0.9992251396179199","0.9993698000907898"
"23","0.9989152153333029","0.9984296560287476","0.9994627833366394","0.9992251594861349","0.9986879229545593","0.9994937777519226","0.9993146856625875","0.9992871284484863","0.9993388056755066"
"24","0.9993077913920084","0.9989151954650879","0.9995040893554688","0.999083956082662","0.9981610178947449","0.9996177554130554","0.999104638894399","0.9988428950309753","0.999266505241394"
"25","0.9995936354001363","0.999535083770752","0.999690055847168","0.9992699027061462","0.9989668726921082","0.9994834065437317","0.9987120230992635","0.9974275231361389","0.9993594288825989"
"26","0.999249279499054","0.9991425275802612","0.9994317889213562","0.9993801116943359","0.9992561340332031","0.9994937777519226","0.9990047415097555","0.9984399676322937","0.9994834065437317"
"27","0.999393900235494","0.9992045164108276","0.9995144009590149","0.9989393353462219","0.9987396001815796","0.9991218447685242","0.9993147055308024","0.9992355108261108","0.9994317889213562"
"28","0.999404231707255","0.9991528391838074","0.999710738658905","0.9993663430213928","0.9989875555038452","0.999690055847168","0.9994283318519592","0.9993594288825989","0.9994937777519226"
"29","0.9994317690531412","0.9990391731262207","0.9996693730354309","0.9995660781860352","0.9994834065437317","0.9996590614318848","0.9988360007603964","0.9981403350830078","0.9993491172790527"
"30","0.9995798667271932","0.9995247721672058","0.9996487498283386","0.9996280868848165","0.9994627833366394","0.9997417330741882","0.9994696577390035","0.9992251396179199","0.9997727274894714"
"31","0.9996383984883627","0.9994730949401855","0.9997727274894714","0.9995385408401489","0.9994937777519226","0.9995660781860352","0.9996383786201477","0.9995144009590149","0.9997933506965637"
"32","0.9993284742037455","0.9985846281051636","0.9997417330741882","0.9992974599202474","0.998481273651123","0.9997417330741882","0.9991941650708517","0.9983056783676147","0.9998037219047546"
"33","0.9996556043624878","0.9996073842048645","0.999690055847168","0.9997623761494955","0.999690055847168","0.9998037219047546","0.999683161576589","0.999535083770752","0.9997933506965637"
"34","0.9997279445330302","0.999555766582489","0.9998863339424133","0.9994180003801981","0.9991218447685242","0.9997933506965637","0.9995385408401489","0.9991838335990906","0.9997830390930176"
"35","0.9997623761494955","0.9997210502624512","0.9998140335083008","0.9995006521542867","0.998935878276825","0.9998140335083008","0.9992733597755432","0.9991321563720703","0.9994627833366394"
"36","0.9996383984883627","0.999245822429657","0.999845027923584","0.9997933506965637","0.9997933506965637","0.9997933506965637","0.9996797243754069","0.999555766582489","0.9998243451118469"
"37","0.9997107187906901","0.9996383786201477","0.9998037219047546","0.9996590614318848","0.9993594288825989","0.999845027923584","0.9997554818789164","0.9996797442436218","0.9998243451118469"
"38","0.9995798667271932","0.9992974996566772","0.9997727274894714","0.999851922194163","0.9998037219047546","0.9999070167541504","0.9996762871742249","0.9995660781860352","0.9997830390930176"
"39","0.9996143182118734","0.9991735219955444","0.999865710735321","0.9998278021812439","0.9998140335083008","0.999845027923584","0.9996142784754435","0.9993491172790527","0.9997933506965637"
"40","0.9998174905776978","0.9997520446777344","0.999865710735321","0.999703844388326","0.9994317889213562","0.9998967051506042","0.9996418555577596","0.9993801116943359","0.9998037219047546"
"41","0.9998553593953451","0.9998140335083008","0.9998863339424133","0.9998105963071188","0.999690055847168","0.9999070167541504","0.9997313618659973","0.9996383786201477","0.9998243451118469"
"42","0.9998588164647421","0.9998037219047546","0.9999070167541504","0.9998587965965271","0.9998347163200378","0.9998863339424133","0.9996556440989176","0.9992974996566772","0.9998347163200378"
"43","0.9997176130612692","0.9995247721672058","0.9998243451118469","0.9997623761494955","0.9995970726013184","0.999865710735321","0.9996280670166016","0.9992251396179199","0.9998863339424133"
"44","0.9996418555577596","0.9994627833366394","0.9998347163200378","0.99969349304835","0.9993801116943359","0.9998760223388672","0.9998002648353577","0.999710738658905","0.9998760223388672"
"45","0.9996590813000997","0.999266505241394","0.9998967051506042","0.999841570854187","0.9997830390930176","0.9998863339424133","0.9997795820236206","0.9996073842048645","0.9998760223388672"
"46","0.9996624986330668","0.9995763897895813","0.9998347163200378","0.9996315240859985","0.9992355108261108","0.9998347163200378","0.9998312592506409","0.9998037219047546","0.999845027923584"
"47","0.9996935129165649","0.999400794506073","0.999865710735321","0.9997106989224752","0.9994834065437317","0.9998243451118469","0.9997382760047913","0.999710738658905","0.9997727274894714"
"48","0.9998105963071188","0.999710738658905","0.9998967051506042","0.9997038245201111","0.9994730949401855","0.9998243451118469","0.9995626211166382","0.9992871284484863","0.9997933506965637"
"49","0.999851922194163","0.9997830390930176","0.9999070167541504","0.9997210502624512","0.9994317889213562","0.9998863339424133","0.9996315240859985","0.9993181228637695","0.9998037219047546"