"Step","Group: rf_deep - epoch/loss","Group: rf_deep - epoch/loss__MIN","Group: rf_deep - epoch/loss__MAX","Group: ae_600 - epoch/loss","Group: ae_600 - epoch/loss__MIN","Group: ae_600 - epoch/loss__MAX","Group: ae_400 - epoch/loss","Group: ae_400 - epoch/loss__MIN","Group: ae_400 - epoch/loss__MAX"
"0","0.18047645191351572","0.1639264076948166","0.18921950459480286","0.15629982948303223","0.1441686898469925","0.17101596295833588","0.15480951964855194","0.14361464977264404","0.17436404526233673"
"1","0.07047579810023308","0.061535339802503586","0.07859287410974503","0.0528432143231233","0.04884647578001022","0.055320706218481064","0.0583340215186278","0.04789017513394356","0.07501930743455887"
"2","0.049421459436416626","0.04521174356341362","0.05403491109609604","0.03617973501483599","0.03287792205810547","0.03821590170264244","0.04174274578690529","0.03431537374854088","0.05436157062649727"
"3","0.03674357756972313","0.03329050913453102","0.04020700603723526","0.02793346531689167","0.02497882768511772","0.030493618920445442","0.031689221039414406","0.026550445705652237","0.04112790897488594"
"4","0.028929919004440308","0.02633943036198616","0.031706031411886215","0.022063397491971653","0.019606638699769974","0.023370498791337013","0.025829007849097252","0.02223554067313671","0.032633502036333084"
"5","0.023937491700053215","0.02154669724404812","0.026316914707422256","0.01908149632314841","0.015853244811296463","0.022298788651823997","0.021561546872059505","0.018880262970924377","0.02688395418226719"
"6","0.019337996219595272","0.016760405153036118","0.022356005385518074","0.015901433924833935","0.01308504119515419","0.0190208051353693","0.017944648241003353","0.015536271035671234","0.022157829254865646"
"7","0.0169416901965936","0.015754904597997665","0.018625523895025253","0.013444047110776106","0.011598515324294567","0.015487837605178356","0.015709927926460903","0.013481009751558304","0.0184368547052145"
"8","0.016217833384871483","0.014684822410345078","0.017415596172213554","0.01131409096221129","0.009923039935529232","0.012026926502585411","0.012757758299509684","0.011361613869667053","0.015514482744038105"
"9","0.011842213260630766","0.010478629730641842","0.01323011890053749","0.010027743255098661","0.00960351713001728","0.010864077135920525","0.0109341349452734","0.009343168698251247","0.013086964376270771"
"10","0.011261873878538609","0.010238667018711567","0.012703755870461464","0.009696952688197294","0.009495479986071587","0.010091309435665607","0.011197865940630436","0.008531350642442703","0.013162794522941113"
"11","0.011111582008500894","0.009798736311495304","0.013135910034179688","0.009025424253195524","0.00771836144849658","0.011221232824027538","0.010380333134283623","0.007771406788378954","0.014959624968469143"
"12","0.008430978593726953","0.007473304867744446","0.00969872996211052","0.008340001106262207","0.006841902155429125","0.010560150258243084","0.008426437930514416","0.006999078672379255","0.009215776808559895"
"13","0.008087469109644493","0.006762067321687937","0.009268500842154026","0.007482322088132302","0.0062498790211975574","0.008593936450779438","0.008344552014023066","0.006612629164010286","0.010108240880072117"
"14","0.008693625840047995","0.006648198701441288","0.011048782616853714","0.006548619053016107","0.005494820419698954","0.007736693602055311","0.007392926141619682","0.005775012541562319","0.00876412633806467"
"15","0.007581229942540328","0.006505591794848442","0.00815525371581316","0.0060053979977965355","0.005504291970282793","0.006600443739444017","0.0064643385509649915","0.005698919761925936","0.0072470675222575665"
"16","0.007330235559493303","0.005574439186602831","0.008419367484748363","0.0054560943972319365","0.003874991787597537","0.006651692558079958","0.005618429432312648","0.004764549434185028","0.007084704004228115"
"17","0.004683646994332473","0.004394506569951773","0.004877719562500715","0.00557723098124067","0.003587278537452221","0.00893168430775404","0.005014140934993823","0.004334615543484688","0.005403908435255289"
"18","0.005340840046604474","0.004563838709145784","0.0063728587701916695","0.003608581144362688","0.003164357505738735","0.003983091097325087","0.005818813884009917","0.003886488266289234","0.008863778784871101"
"19","0.004471032104144494","0.003643279429525137","0.005619885865598917","0.0037070514323810735","0.0031271115876734257","0.004058556165546179","0.004747525633623202","0.004549290519207716","0.005128172691911459"
"20","0.00340800181341668","0.003252744907513261","0.0035666876938194036","0.004608493608733018","0.002505565993487835","0.006569208111613989","0.005934971151873469","0.0037719018291682005","0.00802089273929596"
"21","0.0033960819710046053","0.0029268315993249416","0.0039254347793757915","0.0040173478579769535","0.002968844724819064","0.006015091203153133","0.0035737756018837294","0.0032247917260974646","0.003895654808729887"
"22","0.003976401329661409","0.002781744347885251","0.005595062859356403","0.003604618444417914","0.00271826284006238","0.004861602559685707","0.003349329965809981","0.0031331705395132303","0.003528409171849489"
"23","0.004518677092467745","0.0029230930376797915","0.0057727568782866","0.0037868498669316373","0.002607627771794796","0.005224968772381544","0.0030773315423478684","0.0028458202723413706","0.0034232737962156534"
"24","0.0034087035649766526","0.002867462346330285","0.00448701111599803","0.004048086935654283","0.0022003960330039263","0.007427290081977844","0.004658682504668832","0.0035315516870468855","0.006879407446831465"
"25","0.002529627721135815","0.0021843016147613525","0.002771853469312191","0.0030292919060836234","0.0023233413230627775","0.004032815806567669","0.004889741074293852","0.0029702915344387293","0.008363102562725544"
"26","0.0033023394644260406","0.0028946285601705313","0.0035840244963765144","0.0028658086278786263","0.0027196919545531273","0.0030453698709607124","0.004094488996391495","0.002706455299630761","0.005704003851860762"
"27","0.00284160440787673","0.002479081740602851","0.0035649097990244627","0.004356772328416507","0.0036480571143329144","0.005482987500727177","0.003217538585886359","0.0027410523034632206","0.003504462307319045"
"28","0.002808379319806894","0.0018718133214861155","0.0034622352104634047","0.002791434604053696","0.0015913203824311495","0.004045411478728056","0.002990712101260821","0.002921433188021183","0.003092892002314329"
"29","0.0025238525898506245","0.0018287815619260073","0.003683322574943304","0.0019658154730374613","0.001569941989146173","0.0022424892522394657","0.004405544760326545","0.0030055372044444084","0.006807951722294092"
"30","0.0020133155242850385","0.00198261602781713","0.002046499866992235","0.0017923853980998199","0.0013886578381061554","0.002309004310518503","0.002418670648088058","0.0017424763645976782","0.0031077582389116287"
"31","0.0019014691545938451","0.0016049215337261558","0.002236264059320092","0.0024951635859906673","0.0018285134574398398","0.003726761322468519","0.0020987384486943483","0.001513062510639429","0.002555574756115675"
"32","0.002719354505340258","0.0015298394719138741","0.004898793529719114","0.0025716202411179743","0.0012457768898457289","0.004850830417126417","0.00321407662704587","0.0013518303167074919","0.005745040252804756"
"33","0.0015790170679489772","0.001438455656170845","0.001740337465889752","0.0014529050095006824","0.001092229736968875","0.0020025877747684717","0.002109273375632862","0.0013887466629967093","0.002742920769378543"
"34","0.00144020130392164","0.0009830184280872345","0.0019371162634342909","0.0027849044806013503","0.0011793572921305895","0.0036963087040930986","0.0028010836880033216","0.0018657775362953544","0.0034916845615953207"
"35","0.0011299948867720862","0.0009702507522888482","0.0012714058393612504","0.0023467083228752017","0.0010652667842805386","0.004623605869710445","0.002989026096959909","0.0023749482352286577","0.0034590994473546743"
"36","0.0015881122089922428","0.000989347230643034","0.002649900270625949","0.0013614986091852188","0.001064802287146449","0.0018804646097123623","0.0015186430731167395","0.0010989847360178828","0.0017334774602204561"
"37","0.002600124687887728","0.0011205938644707203","0.004872120451182127","0.0015807571665694316","0.0009917417773976922","0.002627698006108403","0.0014144964516162872","0.0010918485932052135","0.001607559504918754"
"38","0.0021985487546771765","0.0010703066363930702","0.002764965407550335","0.0010164786168995004","0.0008720937767066061","0.001109503791667521","0.002153419773094356","0.0017582336440682411","0.0028262303676456213"
"39","0.001692941237706691","0.0008198406430892646","0.003118629101663828","0.0016284617401349049","0.0008998661651276052","0.0028952353168278933","0.0019444666880493362","0.001246013562195003","0.002737194299697876"
"40","0.0009746885819671055","0.0008411777089349926","0.0010906122624874115","0.0013911872326085966","0.0008766655228100717","0.002344719134271145","0.0016562211870526273","0.0011625897604972124","0.0024974022526293993"
"41","0.0008633156539872289","0.0008327834657393396","0.0008929981850087643","0.0009385813803722461","0.0007339334115386009","0.00118635396938771","0.0013588472890357177","0.0010072165168821812","0.0017014245968312025"
"42","0.0009836564616610606","0.0007173854974098504","0.0014036906650289893","0.0008754028240218759","0.0007385334465652704","0.0009893076494336128","0.0020558410712207356","0.0010243719443678856","0.004058809485286474"
"43","0.0014272322490190466","0.0007990541635081172","0.0022931366693228483","0.0016217919959065814","0.0007201327243819833","0.003320758230984211","0.0017353092359068494","0.0008097927202470601","0.003300329903140664"
"44","0.002530600603980323","0.001790309208445251","0.003279437543824315","0.001305730314925313","0.0006943388725630939","0.0023106560111045837","0.0011599753828098376","0.0007961426163092256","0.0013513207668438554"
"45","0.0016454337358785172","0.0007770277443341911","0.0031143128871917725","0.0016126962145790458","0.0009036015253514051","0.0029258346185088158","0.0011851692688651383","0.0007987121352925897","0.0018264605896547437"
"46","0.0014751011234087248","0.000796942797023803","0.0018605079967528582","0.0016738877166062593","0.0008949433686211705","0.0028444151394069195","0.0009557085965449611","0.0009066286729648709","0.0010457015596330166"
"47","0.0012969308882020414","0.0007316050468944013","0.0022111956495791674","0.001745835121255368","0.0009144202922470868","0.0021817833185195923","0.0016671447083353996","0.0012621830683201551","0.0024083072785288095"
"48","0.0009608403197489679","0.0006744221900589764","0.0011137682013213634","0.0015210005997990568","0.0008741662604734302","0.002057434758171439","0.0025697179371491075","0.0018007137114182115","0.004014043603092432"
"49","0.0008836413423220316","0.0006549475947394967","0.0012032610829919577","0.001532575018548717","0.0008520912961103022","0.002717558993026614","0.0016665434231981635","0.0009942918550223112","0.0027649535331875086"